profile_id,ref,paper_title,sample_label,athena_thick_um,athena_c_boron_cm3,athena_temp1_C,athena_time1_min,athena_temp2_C,athena_time2_min,athena_F_N2,athena_F_O2,R_sheet_measured_ohm_sq,N_p_cm3,z_p_um,z_f1,z_f2,source_page_table,process_mapping_notes,missing_params,confidence
D1,37,Wang2021_SolEnergy227,BCl3_tube_D1-D3,NA,NA,NA,NA,950,NA_range(0.5-20),NA,NA,117,1.94e19,0.17,0.1959,0.3148,Table2_P5,BCl3 tube diffusion;4-step process;BCl3=10-20ml/min;氧化950C;D3 emitter matches N_p;R_sh=117 not in paper,athena_thick|athena_c_boron|athena_temp1|athena_time1|athena_F_N2|athena_F_O2|athena_time2_exact,partial
D2,38,Hong2022_SolEnergy247,B_doped_Si_paste_SE,NA,NA,800_or_850,30,850,30,NA,NA,39,6.36e19,0.12,0.1732,0.4151,P2-P7,Two-step B-Si paste+BBr3;BS20-60 matches R_sh=39;ICP wt% only for B;no cm-3 value,athena_thick|athena_c_boron_cm3|athena_F_N2|athena_F_O2,partial
D3,39,Richter2013_IEEE_JPV,BBr3_Al2O3_passivation,NA,NA,890_or_940,NA,NA,NA,NA,NA,95,9.71e19,0.03,0.0320,0.1311,TableI_P2,Passivation paper;diffusion recipe in Benick PhD thesis;only temp1 partial;7 params missing,athena_thick|athena_c_boron|athena_time1|athena_temp2|athena_time2|athena_F_N2|athena_F_O2,no
D4,40,Li2023_SEMSC263,mask_etchback_SE,NA,NA,NA,NA,~1000,NA,NA,NA,324,4.12e18,0.10,0.1088,0.4274,P1-P4,Low-pressure BCl3;4-step;mask etch-back SE;only oxidation temp ~1000C;7 params missing,athena_thick|athena_c_boron|athena_temp1|athena_time1|athena_time2|athena_F_N2|athena_F_O2,no
D5,41,Zhou2020_AppPhysA126,BBr3_tube_range,~0.10,inferred(~1-5e19),860-900,50,960-1000,60,NA,50-300_sccm(pre-dep)_0-3000_sccm(drive-in),112,2.12e19,0.16,0.2226,0.3131,P2_P8_Fig3-6,BBr3 tube;BSG~100nm;temp/time as ranges not single values;O2 matrix variable;need ECV digitization for exact D5 match,athena_c_boron_exact|athena_F_N2|exact_single_recipe,partial
D6,42,Wang2023_SEMSC253,BCl3_tube_SE,NA,NA,NA,NA,960,NA,NA,3000_sccm(oxidation),109,2.35e19,0.15,0.1556,0.3181,Table1_P2,BCl3 tube;5-parameter matrix in Table1;base GBCl3=90sccm Tdrive-in=960C Toxidation=990C GO2=3000sccm t=60min;base R_sh=125 not 109,athena_thick|athena_c_boron|athena_temp1|athena_time1|athena_time2_exact|athena_F_N2,partial
D7,43,Chen2024_ProgPV,pre_diffusion_SE,~0.032,inferred(~1e20),810,9.67,925,4.5,NA,O2:BCl3=3.4:1_3.1:1,269,4.70e18,0.17,0.2232,0.4040,Fig1_P3,BBr3 2-step from Fig1;Step1 810C 9.67min;Step2 925C 4.5min;BSG~32nm;O2:BCl3 ratio not absolute flow;R_sh=269 not in paper,athena_c_boron_exact|athena_F_N2|athena_F_O2_absolute,partial
D8,44,Peng2024_MSSP178,BCl3_boron_depletion,NA,NA,840_or_600,5,1050,75,3000_or_0_sccm,1000_or_15000_sccm,69,1.88e19,0.10,0.1752,0.7535,Table1_P3,BCl3 tube;MOST COMPLETE 8-step recipe;pre-ox 840C 300s->deposition 845C 540s BCl3=135sccm->drive-in 945C 300s->oxidation 1050C 4500s;base R_sh=129-137 not 69;N_peak close,athena_thick|athena_c_boron_cm3,Best_recipe_available
D9,45,Hong2024_IEEE_JPV,laser_B_Si_paste,NA,NA,NA,NA,NA,NA,NA,NA,152,6.79e18,0.20,0.2248,0.5433,P4-P8,Laser-assisted B-Si paste NOT tube diffusion;p+ baseline BCl3 tube R_sh~119;laser 532nm 1.3J/cm2;all 8 params missing for tube mapping;R_sh=152 not in paper,athena_thick|athena_c_boron|athena_temp1|athena_time1|athena_temp2|athena_time2|athena_F_N2|athena_F_O2,no
D10,46,Liu2024_SolEnergy271,one_step_BCl3_paste,NA,NA,950,20,950,20,NA,NA,322,7.91e18,0.048,0.0723,0.2966,P7,One-step BCl3+B-Si paste co-diffusion 950C 20min;no pre-dep+drive-in sub-structure;p+ R_sh=108.69 p++ R_sh=83.12;R_sh=322 not in paper;N_peak close,athena_thick|athena_c_boron|athena_F_N2|athena_F_O2,partial
